Company Name,Ticker Symbol,Sector,Total ESG Score,Environmental Score,Social Score,Governance Score,Highest Controversy,Overall Risk,Full-time Employees,Market Cap,Revenue Growth,YTD Return
Agilent Technologies,A,Health Care,13.64,1.12,6.42,6.1,2.0,8,17400.0,38415384576,-0.056,-15.10%
Apple Inc.,AAPL,Information Technology,17.22,0.46,7.39,9.37,3.0,1,164000.0,3846819807232,0.061,-10.87%
AbbVie,ABBV,Health Care,29.93,2.38,17.19,10.36,3.0,6,50000.0,310274424832,0.038,16.08%
Abbott Laboratories,ABT,Health Care,24.83,2.27,14.24,8.33,3.0,7,114000.0,198127370240,0.049,16.43%
Arch Capital Group,ACGL,Financials,22.46,1.47,10.1,10.89,2.0,5,6400.0,34234257408,0.418,4.10%
Accenture,ACN,Information Technology,9.84,0.82,4.61,4.41,2.0,2,774000.0,229157109760,0.026,-10.86%
Adobe Inc.,ADBE,Information Technology,13.08,1.94,5.99,5.15,2.0,1,29945.0,196844240896,0.106,-13.83%
Analog Devices,ADI,Information Technology,22.92,9.27,6.68,6.98,1.0,9,26000.0,105105776640,-0.248,-6.25%
Archer Daniels Midland,ADM,Consumer Staples,31.79,16.64,10.15,5.01,3.0,4,40213.0,24161183744,-0.117,-4.57%
Automatic Data Processing,ADP,Industrials,13.82,2.8,5.54,5.49,1.0,2,64000.0,119800504320,0.071,4.72%
Autodesk,ADSK,Information Technology,16.76,3.68,8.19,4.89,0.0,2,14100.0,64247537664,0.119,-10.47%
Ameren,AEE,Utilities,27.17,12.85,9.07,5.25,2.0,7,9372.0,23834001408,0.056,12.93%
American Electric Power,AEP,Utilities,26.14,12.66,8.1,5.38,2.0,2,17250.0,49395404800,0.015,17.50%
AES Corporation,AES,Utilities,26.69,13.26,8.18,5.26,2.0,4,9600.0,9243351040,-0.042,-3.89%
Aflac,AFL,Financials,18.33,0.3,9.14,8.9,1.0,6,12785.0,57047171072,-0.404,8.71%
American International Group,AIG,Financials,24.18,1.65,9.67,12.86,2.0,2,25000.0,45341773824,-0.086,19.24%
Assurant,AIZ,Financials,24.11,1.63,10.82,11.66,2.0,1,13600.0,10886776832,0.07,-0.78%
Arthur J. Gallagher & Co.,AJG,Financials,21.16,0.09,10.92,10.15,2.0,7,51261.0,70719234048,0.119,21.14%
Akamai Technologies,AKAM,Information Technology,17.01,3.0,7.09,6.93,1.0,3,10947.0,14405267456,0.041,-15.73%
Albemarle Corporation,ALB,Materials,26.57,15.39,4.85,6.33,2.0,7,9000.0,10419920896,-0.414,-16.57%
Allstate,ALL,Financials,22.04,1.03,10.13,10.88,2.0,4,53000.0,51255271424,0.147,7.63%
Allegion,ALLE,Industrials,21.78,10.9,5.84,5.04,0.0,6,12200.0,11490313216,0.054,0.24%
Applied Materials,AMAT,Information Technology,12.74,4.49,2.97,5.28,1.0,1,35200.0,133110726656,0.055,-10.43%
Ametek,AME,Industrials,23.9,8.65,8.51,6.73,1.0,8,21500.0,42412634112,0.053,-4.64%
Amgen,AMGN,Health Care,21.96,0.73,13.48,7.75,3.0,2,26700.0,141575438336,0.232,17.76%
Ameriprise Financial,AMP,Financials,20.27,2.08,7.83,10.34,2.0,5,13800.0,51623407616,0.119,-8.22%
Amazon,AMZN,Consumer Discretionary,30.61,6.0,15.39,9.22,3.0,9,1551000.0,2365033807872,0.11,-12.41%
Arista Networks,ANET,Information Technology,16.67,0.4,8.88,7.39,1.0,10,4023.0,142113521664,0.2,-28.99%
Ansys,ANSS,Information Technology,15.89,3.51,7.32,5.07,0.0,2,6400.0,29591330816,0.312,-4.90%
A. O. Smith,AOS,Industrials,25.44,7.15,11.87,6.42,1.0,10,12000.0,9964057600,-0.037,-3.83%
APA Corporation,APA,Energy,38.81,21.98,8.88,7.96,2.0,9,2271.0,7783685632,0.104,-8.49%
Air Products,APD,Materials,12.26,7.42,1.5,3.35,1.0,7,23000.0,65599582208,-0.001,1.18%
Amphenol,APH,Information Technology,19.57,7.32,4.64,7.6,2.0,8,95000.0,85091958784,0.262,-4.87%
Aptiv,APTV,Consumer Discretionary,10.66,1.45,3.94,5.26,1.0,6,154000.0,13834219520,-0.051,-2.20%
Alexandria Real Estate Equities,ARE,Real Estate,13.89,3.91,3.66,6.32,0.0,9,568.0,17331146752,0.109,-6.56%
Atmos Energy,ATO,Utilities,34.61,14.83,13.42,6.36,2.0,8,5019.0,21710899200,0.059,11.25%
AvalonBay Communities,AVB,Real Estate,9.76,2.96,2.05,4.75,1.0,6,2978.0,31600791552,0.094,-2.48%
Broadcom,AVGO,Information Technology,19.98,7.34,6.0,6.64,3.0,9,20000.0,1031217348608,0.164,-27.31%
Avery Dennison,AVY,Materials,16.07,11.42,0.95,3.71,1.0,7,35000.0,15115568128,0.041,-4.05%
American Water Works,AWK,Utilities,21.62,9.04,7.58,5.0,1.0,2,6500.0,24541052928,0.134,18.08%
American Express,AXP,Financials,18.61,0.05,8.85,9.7,2.0,3,74600.0,210382487552,0.08,-8.86%
AutoZone,AZO,Consumer Discretionary,11.02,0.11,7.07,3.83,2.0,6,75600.0,54690828288,0.09,19.09%
Boeing,BA,Industrials,39.6,8.84,22.48,8.29,4.0,9,171000.0,132689018880,-0.015,-4.99%
Bank of America,BAC,Financials,28.3,1.73,15.09,11.48,3.0,2,213000.0,338911100928,-0.005,-5.60%
Ball Corporation,BALL,Materials,12.1,7.6,0.76,3.74,2.0,8,21000.0,16652169216,-0.009,-4.95%
Baxter International,BAX,Health Care,23.57,2.83,13.6,7.14,3.0,4,60000.0,15062345728,0.038,16.67%
Best Buy,BBY,Consumer Discretionary,15.89,2.4,9.09,4.4,2.0,1,85000.0,18290247680,-0.031,-13.32%
Becton Dickinson,BDX,Health Care,23.82,3.04,13.65,7.13,3.0,10,70000.0,66029019136,0.069,-0.37%
Franklin Templeton,BEN,Financials,18.3,1.12,9.88,7.3,2.0,7,10200.0,10736411648,0.113,-4.83%
Bunge Global,BG,Consumer Staples,32.92,14.39,13.26,5.27,3.0,3,23000.0,11044496384,-0.093,0.12%
Biogen,BIIB,Health Care,22.24,0.42,14.46,7.37,3.0,3,7570.0,21343463424,-0.025,-13.66%
BNY Mellon,BK,Financials,20.93,1.13,9.86,9.94,2.0,1,52600.0,56435798016,0.047,9.03%
Booking Holdings,BKNG,Consumer Discretionary,19.23,0.98,10.13,8.13,3.0,1,24200.0,167091666944,0.089,-5.69%
BlackRock,BLK,Financials,18.25,0.9,7.36,9.99,2.0,9,20400.0,159322472448,0.149,-7.90%
Bristol Myers Squibb,BMY,Health Care,22.74,1.31,14.37,7.07,2.0,4,34100.0,116275560448,0.084,5.29%
Broadridge Financial Solutions,BR,Industrials,16.63,4.19,7.5,4.94,2.0,3,14000.0,26418081792,-0.006,8.24%
Brown & Brown,BRO,Financials,20.48,0.13,9.77,10.58,1.0,4,16152.0,29433659392,0.099,21.65%
Boston Scientific,BSX,Health Care,23.11,2.36,11.85,8.89,2.0,8,48000.0,131097174016,0.193,13.35%
Blackstone Inc.,BX,Financials,23.39,2.52,9.57,11.29,2.0,10,4735.0,207208415232,0.541,-17.18%
"BXP, Inc.",BXP,Real Estate,12.51,2.54,4.52,5.45,1.0,10,836.0,13164555264,0.037,-9.95%
Citigroup,C,Financials,29.24,1.8,13.75,13.69,4.0,1,229000.0,130856288256,-0.024,0.21%
Conagra Brands,CAG,Consumer Staples,30.83,10.71,15.42,4.7,2.0,6,18500.0,12940145664,-0.038,-4.14%
Cardinal Health,CAH,Health Care,14.86,1.17,7.33,6.36,3.0,1,47922.0,28624943104,-0.043,15.95%
Caterpillar Inc.,CAT,Industrials,36.17,10.43,17.69,8.06,4.0,6,113200.0,176724836352,-0.042,-8.87%
Chubb Limited,CB,Financials,23.6,1.46,11.54,10.61,2.0,8,40000.0,110126374912,0.078,9.08%
Cboe Global Markets,CBOE,Financials,20.95,2.73,7.58,10.64,1.0,2,1647.0,20058884096,0.162,15.17%
CBRE Group,CBRE,Real Estate,7.98,1.46,1.89,4.64,1.0,3,130000.0,39525285888,0.148,-0.21%
Crown Castle,CCI,Real Estate,10.1,4.08,1.67,4.35,0.0,4,4700.0,39400656896,-0.009,15.26%
Carnival,CCL,Consumer Discretionary,24.49,9.4,10.13,4.96,3.0,10,106000.0,35054399488,0.152,-22.19%
Cadence Design Systems,CDNS,Information Technology,12.02,2.33,4.88,4.81,0.0,3,12703.0,82682068992,0.188,-13.87%
CDW,CDW,Information Technology,9.21,2.48,3.21,3.52,0.0,3,15100.0,23258566656,-0.02,-6.87%
CF Industries,CF,Materials,29.33,16.19,7.73,5.42,1.0,2,2700.0,14788219904,0.076,-6.72%
Citizens Financial Group,CFG,Financials,23.54,1.96,10.15,11.43,2.0,9,17329.0,19148457984,-0.061,-7.24%
Church & Dwight,CHD,Consumer Staples,19.86,6.89,6.31,6.66,1.0,4,5550.0,25994287104,0.038,4.55%
C.H. Robinson,CHRW,Industrials,19.32,4.73,9.29,5.3,1.0,9,14537.0,12333509632,0.07,-0.54%
Charter Communications,CHTR,Communication Services,24.72,6.05,10.72,7.95,2.0,10,101100.0,49977675776,0.016,8.21%
Cigna,CI,Health Care,11.65,0.02,5.99,5.65,2.0,5,70325.0,77026131968,0.28,19.87%
Cincinnati Financial,CINF,Financials,25.61,1.76,10.97,12.88,1.0,8,5426.0,22598461440,0.833,2.61%
Colgate-Palmolive,CL,Consumer Staples,26.17,8.32,11.31,6.54,2.0,1,34000.0,75189518336,0.024,3.29%
Clorox,CLX,Consumer Staples,21.63,7.72,8.59,5.31,2.0,6,7400.0,20354547712,0.271,-8.93%
Comcast,CMCSA,Communication Services,23.09,3.96,10.9,8.23,2.0,10,186000.0,146250366976,0.065,-2.16%
CME Group,CME,Financials,17.8,2.13,6.48,9.19,1.0,10,3565.0,85957140480,0.185,12.92%
Chipotle Mexican Grill,CMG,Consumer Discretionary,20.66,6.79,9.59,4.27,2.0,3,125000.0,84303437824,0.13,-14.31%
Cummins,CMI,Industrials,19.3,5.62,7.74,5.94,2.0,6,75500.0,48203010048,0.003,-9.54%
CMS Energy,CMS,Utilities,21.7,9.61,6.84,5.24,2.0,1,8356.0,19902068736,0.042,12.74%
Centene Corporation,CNC,Health Care,19.89,0.09,13.28,6.51,2.0,1,67700.0,30079856640,0.061,-0.21%
CenterPoint Energy,CNP,Utilities,28.73,12.92,10.67,5.14,2.0,4,8827.0,21207195648,-0.002,15.98%
Capital One,COF,Financials,22.5,0.13,12.28,10.09,3.0,3,52500.0,68156760064,0.064,-0.06%
Cooper Companies (The),COO,Health Care,17.47,2.7,8.8,5.96,2.0,7,15000.0,18649036800,0.078,-11.60%
ConocoPhillips,COP,Energy,33.91,17.57,8.07,8.28,2.0,5,10300.0,123043438592,-0.079,6.27%
Cencora,COR,Health Care,12.75,1.57,5.53,5.65,3.0,3,46000.0,44007923712,0.147,23.47%
Costco,COST,Consumer Staples,23.29,6.52,11.22,5.55,3.0,2,333000.0,423510736896,0.01,4.16%
Campbell Soup Company,CPB,Consumer Staples,23.5,10.87,8.15,4.47,2.0,4,14400.0,12371523584,0.109,-4.73%
Copart,CPRT,Industrials,16.03,1.48,8.96,5.59,1.0,9,13086.0,56096600064,0.072,-0.31%
Camden Property Trust,CPT,Real Estate,16.09,4.0,3.93,8.17,1.0,7,1640.0,12258713600,-0.005,5.07%
Salesforce,CRM,Information Technology,14.88,2.01,7.48,5.39,1.0,9,72682.0,328873050112,0.084,-19.18%
Cisco,CSCO,Information Technology,13.87,0.45,6.9,6.51,2.0,1,90400.0,233071116288,-0.056,4.39%
CoStar Group,CSGP,Real Estate,21.91,4.86,9.34,7.71,1.0,4,6450.0,29287542784,0.109,10.60%
CSX Corporation,CSX,Industrials,21.91,7.04,10.03,4.84,2.0,4,23400.0,61420175360,0.013,-8.46%
Cintas,CTAS,Industrials,18.08,3.03,9.17,5.88,2.0,8,46500.0,75429543936,0.068,13.78%
Coterra,CTRA,Energy,36.07,20.26,8.34,7.47,2.0,6,894.0,17439016960,-0.05,13.82%
Cognizant,CTSH,Information Technology,14.66,1.11,7.64,5.91,2.0,2,340100.0,39284137984,0.03,-0.59%
CVS Health,CVS,Health Care,21.97,0.03,15.76,6.17,3.0,5,219000.0,55823069184,0.06,51.44%
Chevron Corporation,CVX,Energy,36.6,17.01,9.18,10.42,3.0,1,45600.0,254690115584,-0.064,16.34%
Dominion Energy,D,Utilities,26.4,11.94,8.84,5.62,2.0,2,17700.0,45074935808,0.034,4.46%
Delta Air Lines,DAL,Industrials,30.26,9.88,14.57,5.8,2.0,4,100000.0,39316971520,0.012,-29.88%
DuPont,DD,Materials,28.6,14.66,7.99,5.94,3.0,8,24000.0,32299563008,0.044,-1.80%
Deere & Company,DE,Industrials,19.95,2.67,10.79,6.49,2.0,7,83000.0,117453471744,-0.168,12.92%
Discover Financial,DFS,Financials,22.5,0.13,11.87,10.51,2.0,7,21100.0,43475628032,0.605,-1.57%
Dollar General,DG,Consumer Staples,17.59,3.5,8.56,5.53,2.0,9,185800.0,16802347008,0.042,15.54%
Quest Diagnostics,DGX,Health Care,21.21,0.13,13.07,8.0,3.0,3,50000.0,17088257024,0.084,12.21%
Danaher Corporation,DHR,Health Care,11.86,1.35,5.16,5.35,2.0,8,61000.0,165075959808,0.031,-12.70%
Walt Disney Company (The),DIS,Communication Services,15.7,0.04,8.96,6.71,2.0,3,173250.0,202879614976,0.037,-12.28%
Digital Realty,DLR,Real Estate,12.61,2.8,2.81,7.0,0.0,9,3664.0,60376125440,0.016,-17.64%
Dollar Tree,DLTR,Consumer Staples,20.08,3.29,12.78,4.02,2.0,3,65894.0,15684945920,0.007,0.53%
Dover Corporation,DOV,Industrials,25.88,7.98,12.48,5.42,1.0,4,25000.0,25966329856,0.013,-5.93%
Domino's,DPZ,Consumer Discretionary,29.19,10.65,12.2,6.34,2.0,9,6500.0,14716847104,0.031,10.89%
Darden Restaurants,DRI,Consumer Discretionary,27.47,7.92,15.0,4.55,2.0,2,191105.0,22041825280,0.01,12.24%
DTE Energy,DTE,Utilities,29.8,15.03,10.04,4.73,2.0,6,9412.0,24889397248,0.006,14.22%
Duke Energy,DUK,Utilities,27.01,11.52,10.68,4.81,2.0,2,27037.0,83644350464,0.02,12.37%
DaVita,DVA,Health Care,22.56,0.07,14.08,8.42,2.0,2,70000.0,12455345152,0.046,1.58%
Devon Energy,DVN,Energy,33.76,17.67,8.56,7.53,2.0,2,1900.0,20212811776,-0.102,14.79%
Dexcom,DXCM,Health Care,24.05,5.35,10.62,8.08,1.0,4,9500.0,31263223808,0.02,-13.44%
Electronic Arts,EA,Communication Services,13.29,0.13,8.42,4.73,2.0,2,13700.0,38763950080,0.058,-0.43%
eBay,EBAY,Consumer Discretionary,17.6,2.74,7.65,7.21,2.0,5,12300.0,31139790848,0.03,9.44%
Ecolab,ECL,Materials,19.86,8.54,6.05,5.27,2.0,4,48000.0,67474665472,0.178,8.51%
Consolidated Edison,ED,Utilities,23.81,6.86,10.86,6.08,3.0,5,14592.0,31191611392,0.057,23.34%
Equifax,EFX,Industrials,23.16,0.08,16.3,6.78,3.0,6,15000.0,32032915456,0.093,-4.31%
Everest Group,EG,Financials,17.96,1.39,6.67,9.91,1.0,4,2844.0,15327888384,0.128,0.81%
Edison International,EIX,Utilities,27.51,10.98,11.42,5.11,3.0,1,14375.0,30786168832,0.106,-26.42%
Est√©e Lauder Companies (The),EL,Consumer Staples,25.48,6.95,11.05,7.48,2.0,10,44020.0,26693603328,-0.045,-9.48%
Elevance Health,ELV,Health Care,11.38,0.07,6.03,5.29,2.0,1,104900.0,84874543104,0.054,17.29%
Eastman Chemical Company,EMN,Materials,25.27,12.84,5.85,6.59,2.0,7,14000.0,10636177408,0.087,-3.55%
Emerson Electric,EMR,Industrials,28.36,8.77,13.05,6.55,1.0,8,73000.0,70673096704,0.129,-11.24%
EOG Resources,EOG,Energy,34.16,20.16,6.67,7.33,1.0,2,3050.0,66954047488,-0.039,5.48%
Equinix,EQIX,Real Estate,13.88,3.44,5.31,5.13,1.0,5,13151.0,89465782272,0.189,-13.36%
Equity Residential,EQR,Real Estate,11.91,2.98,2.87,6.05,1.0,8,2400.0,27904485376,0.034,-0.67%
EQT Corporation,EQT,Energy,35.69,17.66,10.08,7.95,1.0,4,881.0,25651447808,0.195,16.85%
Eversource,ES,Utilities,18.62,4.67,8.56,5.39,2.0,8,10000.0,20866592768,0.097,8.11%
Essex Property Trust,ESS,Real Estate,12.44,3.46,2.84,6.13,1.0,8,1747.0,18898388992,0.076,7.03%
Eaton Corporation,ETN,Industrials,17.94,5.46,6.76,5.72,1.0,3,94000.0,133625020416,0.079,-16.62%
Entergy,ETR,Utilities,26.67,14.04,7.3,5.32,2.0,3,12000.0,32216944640,-0.057,12.98%
Edwards Lifesciences,EW,Health Care,18.57,2.86,8.08,7.63,1.0,3,19800.0,44122935296,0.089,-2.92%
Exelon,EXC,Utilities,22.86,7.38,9.05,6.44,3.0,1,19962.0,37198807040,0.029,22.00%
Expeditors International,EXPD,Industrials,16.56,4.15,7.56,4.84,2.0,8,18690.0,15604525056,0.37,10.35%
Expedia Group,EXPE,Consumer Discretionary,27.65,4.27,13.31,10.08,2.0,10,17100.0,23711924224,0.033,-10.00%
Extra Space Storage,EXR,Real Estate,15.2,4.23,3.72,7.26,1.0,8,7618.0,32422465536,0.12,-1.18%
Ford Motor Company,F,Consumer Discretionary,22.35,7.43,6.41,8.51,3.0,10,177000.0,39265984512,0.055,0.40%
Fastenal,FAST,Industrials,24.67,9.28,8.29,7.1,2.0,3,20894.0,42863333376,0.035,7.93%
Freeport-McMoRan,FCX,Materials,31.61,15.26,9.96,6.4,4.0,3,27200.0,55839100928,0.166,0.13%
FactSet,FDS,Financials,18.37,4.32,8.75,5.3,1.0,6,12398.0,18368344064,0.049,-4.85%
FedEx,FDX,Industrials,19.68,5.66,8.42,5.61,2.0,7,306000.0,66409852928,0.139,-13.99%
FirstEnergy,FE,Utilities,25.56,10.77,8.99,5.79,3.0,7,12042.0,22931654656,0.069,1.56%
Fiserv,FI,Financials,19.64,4.12,8.74,6.77,2.0,1,42000.0,117225758720,0.07,8.08%
Fidelity National Information Services,FIS,Financials,17.48,4.09,8.17,5.21,1.0,6,60000.0,43854315520,0.031,-7.68%
Fifth Third Bank,FITB,Financials,16.84,1.19,8.15,7.5,2.0,6,18579.0,28500453376,-0.03,-7.92%
Federal Realty,FRT,Real Estate,12.42,2.27,4.34,5.82,1.0,4,297.0,9579524096,0.058,-13.36%
Fortinet,FTNT,Information Technology,18.9,2.5,10.03,6.37,1.0,6,13986.0,74491568128,0.13,2.32%
Fortive,FTV,Industrials,34.76,16.09,13.97,4.7,1.0,6,18000.0,25830350848,0.027,-2.00%
General Dynamics,GD,Industrials,35.19,9.37,18.9,6.93,3.0,2,100000.0,72492826624,0.104,4.04%
GE Aerospace,GE,Industrials,40.55,14.24,15.41,10.9,3.0,4,125000.0,182225174528,0.058,22.18%
Gen Digital,GEN,Information Technology,16.94,3.35,8.2,5.39,2.0,1,3400.0,17151517696,0.031,-2.34%
Gilead Sciences,GILD,Health Care,22.97,1.0,14.34,7.62,2.0,2,18000.0,115367206912,0.07,20.47%
General Mills,GIS,Consumer Staples,21.13,8.32,8.72,4.09,2.0,6,34000.0,35063803904,-0.012,-6.35%
Globe Life,GL,Financials,20.35,1.58,8.28,10.49,2.0,4,3636.0,9182754816,0.052,18.48%
Corning Inc.,GLW,Information Technology,16.48,5.53,4.81,6.13,2.0,7,49800.0,40507248640,0.069,-4.17%
General Motors,GM,Consumer Discretionary,28.5,9.83,11.48,7.19,4.0,9,163000.0,56970276864,0.105,-11.28%
Alphabet Inc. (Class A),GOOGL,Communication Services,24.22,1.56,11.16,11.51,4.0,10,181269.0,2351625142272,0.151,-17.03%
Genuine Parts Company,GPC,Consumer Discretionary,13.66,4.67,5.18,3.8,2.0,6,60000.0,16090636288,0.025,1.45%
Global Payments,GPN,Financials,20.87,3.65,10.68,6.54,1.0,7,27000.0,28511076352,0.051,-12.15%
Garmin,GRMN,Consumer Discretionary,20.66,4.78,11.63,4.25,1.0,9,19900.0,40131305472,0.241,5.48%
Goldman Sachs,GS,Financials,25.45,0.88,12.76,11.82,2.0,6,46400.0,177704452096,0.042,-4.22%
W. W. Grainger,GWW,Industrials,16.0,4.54,5.55,5.91,2.0,5,23200.0,53227368448,0.043,-5.69%
Halliburton,HAL,Energy,25.63,9.79,8.9,6.94,2.0,4,48000.0,22814697472,-0.018,-6.03%
Hasbro,HAS,Consumer Discretionary,7.08,0.04,2.88,4.16,2.0,3,5502.0,8032467456,-0.148,11.14%
Huntington Bancshares,HBAN,Financials,21.84,1.97,11.19,8.68,2.0,9,19896.0,23709857792,-0.012,-8.11%
HCA Healthcare,HCA,Health Care,28.84,3.9,17.72,7.22,3.0,5,220000.0,76906029056,0.079,15.19%
Home Depot (The),HD,Consumer Discretionary,12.64,3.32,5.56,3.76,2.0,2,465000.0,389994315776,0.066,-6.03%
Hess Corporation,HES,Energy,33.11,18.93,7.2,6.98,2.0,9,1756.0,39497650176,0.133,21.26%
Hartford (The),HIG,Financials,16.63,1.81,7.24,7.58,1.0,4,18700.0,31734368256,0.095,13.70%
Hilton Worldwide,HLT,Consumer Discretionary,17.56,6.11,7.0,4.45,2.0,6,178000.0,60803608576,0.063,-8.04%
Hologic,HOLX,Health Care,25.0,4.57,12.08,8.35,1.0,7,6990.0,16260322304,0.045,-14.86%
Honeywell,HON,Industrials,28.62,10.99,10.59,7.04,3.0,6,95000.0,148464402432,0.056,-5.51%
Hewlett Packard Enterprise,HPE,Information Technology,10.69,0.95,4.14,5.6,2.0,2,62000.0,28424284160,0.101,-26.74%
HP Inc.,HPQ,Information Technology,11.26,0.11,5.05,6.09,2.0,1,58000.0,30891065344,0.024,-14.83%
Hormel Foods,HRL,Consumer Staples,30.0,13.31,10.68,6.0,3.0,8,20000.0,17392732160,-0.022,-2.01%
Henry Schein,HSIC,Health Care,13.95,2.0,5.67,6.28,2.0,5,26000.0,8705227776,0.004,-0.19%
Host Hotels & Resorts,HST,Real Estate,13.35,3.25,4.58,5.52,1.0,9,163.0,12895228928,0.092,-17.58%
Hershey Company (The),HSY,Consumer Staples,26.05,10.52,10.4,5.14,3.0,10,18650.0,34452963328,-0.014,0.16%
Hubbell Incorporated,HUBB,Industrials,19.6,5.6,9.09,4.91,0.0,3,18000.0,22906568704,0.049,-20.54%
Humana,HUM,Health Care,22.47,0.01,16.71,5.74,2.0,1,67600.0,29753559040,0.113,4.35%
IBM,IBM,Information Technology,14.14,1.78,6.22,6.14,2.0,4,282200.0,206528708608,0.015,13.88%
Intercontinental Exchange,ICE,Financials,19.78,1.7,9.25,8.82,1.0,4,12900.0,86304546816,0.173,15.09%
Idexx Laboratories,IDXX,Health Care,18.66,2.62,7.1,8.94,1.0,6,11000.0,33757788160,0.066,1.24%
IDEX Corporation,IEX,Industrials,29.34,10.28,13.72,5.34,0.0,6,8800.0,16082113536,0.006,-13.45%
International Flavors & Fragrances,IFF,Materials,22.69,10.49,5.57,6.63,3.0,4,21500.0,21922174976,0.037,-8.42%
Incyte,INCY,Health Care,24.76,1.06,16.3,7.41,1.0,7,2524.0,13262025728,0.238,-11.81%
Intel,INTC,Information Technology,18.87,4.93,7.32,6.62,3.0,5,124100.0,84189757440,-0.062,9.98%
Intuit,INTU,Information Technology,16.41,0.97,10.7,4.73,2.0,2,18800.0,180095795200,0.41,-2.34%
International Paper,IP,Materials,24.47,15.15,4.5,4.81,3.0,5,39000.0,18916366336,0.016,-0.32%
Interpublic Group of Companies (The),IPG,Communication Services,10.32,0.04,5.0,5.28,1.0,10,55100.0,10829010944,-0.029,-6.78%
IQVIA,IQV,Health Care,19.14,1.3,10.62,7.22,2.0,8,88000.0,35804504064,0.043,-12.86%
Iron Mountain,IRM,Real Estate,14.5,5.0,3.74,5.76,2.0,5,27000.0,30842646528,0.122,-17.33%
Intuitive Surgical,ISRG,Health Care,21.07,3.65,9.58,7.84,1.0,3,13676.0,186790952960,0.169,-4.90%
Gartner,IT,Information Technology,18.93,0.11,13.17,5.64,1.0,1,20990.0,37892227072,0.054,-14.60%
Illinois Tool Works,ITW,Industrials,25.29,7.0,11.78,6.52,2.0,3,45000.0,76429549568,-0.016,-1.92%
Invesco,IVZ,Financials,22.79,0.73,11.02,11.04,2.0,3,8524.0,7788795392,0.051,-13.10%
Jacobs Solutions,J,Industrials,22.37,5.29,11.46,5.62,3.0,7,60000.0,16835307520,0.011,-8.71%
J.B. Hunt,JBHT,Industrials,14.82,3.28,6.55,5.0,1.0,8,34718.0,17164290048,-0.03,-12.27%
Johnson Controls,JCI,Industrials,14.43,4.49,4.55,5.39,3.0,6,100000.0,53398601728,-0.095,3.13%
Jack Henry & Associates,JKHY,Financials,18.66,4.32,8.66,5.68,0.0,7,7170.0,12894826496,0.052,4.97%
Johnson & Johnson,JNJ,Health Care,23.98,0.92,15.02,8.03,4.0,4,131900.0,347828879360,0.052,5.97%
Juniper Networks,JNPR,Information Technology,14.82,1.82,7.2,5.8,1.0,5,11144.0,12329754624,-0.048,-3.50%
JPMorgan Chase,JPM,Financials,29.26,1.11,16.45,11.7,3.0,5,316043.0,668924837888,0.03,1.65%
Kellanova,K,Consumer Staples,28.37,10.64,13.35,4.38,2.0,8,23000.0,27748188160,-0.007,1.89%
KeyCorp,KEY,Financials,21.42,1.59,9.16,10.66,1.0,4,16734.0,16941026304,-0.602,-7.82%
Keysight,KEYS,Information Technology,7.6,1.2,1.75,4.65,1.0,4,15400.0,28265295872,-0.119,-6.59%
Kraft Heinz,KHC,Consumer Staples,33.7,13.49,14.05,6.17,3.0,4,36000.0,36903870464,-0.028,-1.20%
Kimco Realty,KIM,Real Estate,10.9,2.35,2.58,5.97,0.0,5,660.0,15786977280,0.138,-9.77%
KLA Corporation,KLAC,Information Technology,17.19,7.41,5.13,4.64,0.0,4,15000.0,84184530944,0.185,8.31%
Kimberly-Clark,KMB,Consumer Staples,28.48,10.43,10.4,7.64,2.0,4,41000.0,43793252352,-0.035,9.15%
Kinder Morgan,KMI,Energy,18.96,8.28,7.19,3.49,2.0,9,10891.0,59651035136,-0.053,4.49%
CarMax,KMX,Consumer Discretionary,12.1,0.09,8.02,3.99,2.0,9,30000.0,12969826304,-0.002,-3.52%
Coca-Cola Company (The),KO,Consumer Staples,21.63,7.23,9.54,4.86,3.0,2,79100.0,269452886016,-0.008,15.44%
Kroger,KR,Consumer Staples,21.27,6.55,9.12,5.6,3.0,8,414000.0,44755030016,-0.006,11.43%
Loews Corporation,L,Financials,16.38,0.59,4.25,11.53,2.0,7,12280.0,18017040384,0.138,8.74%
Leidos,LDOS,Industrials,17.65,3.37,9.03,5.25,2.0,3,47000.0,19322431488,0.069,-6.32%
Lennar,LEN,Consumer Discretionary,25.36,11.26,8.55,5.55,2.0,10,12284.0,37306593280,0.079,-16.03%
LabCorp,LH,Health Care,19.74,0.43,12.71,6.6,2.0,4,67000.0,19120779264,0.074,1.45%
LKQ Corporation,LKQ,Consumer Discretionary,11.07,3.8,4.0,3.27,2.0,3,49000.0,9587324928,0.004,16.93%
Lilly (Eli),LLY,Health Care,24.28,2.54,12.6,9.14,2.0,5,43000.0,690458853376,0.204,4.30%
Lockheed Martin,LMT,Industrials,30.18,7.96,15.11,7.11,3.0,6,122000.0,115914858496,0.013,-7.68%
Alliant Energy,LNT,Utilities,21.36,8.54,6.55,6.28,0.0,2,3281.0,15126511616,0.004,8.93%
Lowe's,LOW,Consumer Discretionary,11.78,3.31,5.31,3.17,2.0,4,300000.0,139875090432,-0.055,-5.18%
Lam Research,LRCX,Information Technology,13.61,4.5,3.97,5.14,1.0,1,17700.0,92371476480,0.197,0.83%
Lululemon Athletica,LULU,Consumer Discretionary,16.94,1.58,9.86,5.5,2.0,8,38000.0,46207287296,0.073,-26.88%
Southwest Airlines,LUV,Industrials,30.67,11.04,13.69,5.95,2.0,6,73463.0,19959246848,0.053,-6.04%
Las Vegas Sands,LVS,Consumer Discretionary,18.69,2.3,7.72,8.67,2.0,10,38400.0,37882609664,-0.04,-23.77%
LyondellBasell,LYB,Materials,20.69,13.5,2.1,5.09,2.0,1,20000.0,23869638656,-0.029,-5.70%
Mastercard,MA,Financials,17.07,2.15,6.66,8.27,4.0,1,33400.0,484642324480,0.128,4.17%
Mid-America Apartment Communities,MAA,Real Estate,13.09,3.9,2.95,6.25,1.0,5,2427.0,18401249280,0.017,8.35%
Marriott International,MAR,Consumer Discretionary,21.43,8.55,9.16,3.72,3.0,7,411000.0,78910488576,0.066,-14.59%
Masco,MAS,Industrials,22.19,9.73,5.64,6.82,1.0,8,18000.0,16049567744,0.002,-3.76%
McDonald's,MCD,Consumer Discretionary,25.95,7.56,12.56,5.84,3.0,6,100000.0,209740349440,0.027,8.19%
Microchip Technology,MCHP,Information Technology,31.82,15.25,9.16,7.4,1.0,6,22300.0,29809422336,-0.484,-15.43%
McKesson Corporation,MCK,Health Care,15.23,1.65,7.28,6.29,3.0,3,45000.0,73592193024,0.213,18.21%
Moody's Corporation,MCO,Financials,15.82,1.61,6.09,8.12,2.0,3,15776.0,84517085184,0.232,-0.97%
Mondelez International,MDLZ,Consumer Staples,22.02,7.23,9.39,5.41,3.0,5,91000.0,79415713792,0.019,13.26%
Medtronic,MDT,Health Care,22.77,1.78,13.43,7.57,3.0,6,95000.0,103903961088,0.028,10.78%
MetLife,MET,Financials,16.43,0.69,6.96,8.77,2.0,4,45000.0,56335290368,0.162,-0.88%
Meta Platforms,META,Communication Services,34.08,2.71,21.09,10.29,4.0,10,72404.0,1477457739776,0.189,0.08%
MGM Resorts,MGM,Consumer Discretionary,24.76,1.3,12.97,10.49,2.0,1,58000.0,10170798080,0.053,-13.59%
Mohawk Industries,MHK,Consumer Discretionary,14.14,5.75,4.19,4.19,2.0,1,43300.0,7521534464,-0.017,-3.46%
McCormick & Company,MKC,Consumer Staples,26.07,9.63,11.09,5.35,2.0,10,13800.0,21156954112,-0.003,7.88%
Martin Marietta Materials,MLM,Materials,30.12,16.68,4.77,8.67,2.0,8,9400.0,32618119168,-0.053,-6.18%
Marsh McLennan,MMC,Financials,21.07,0.09,11.31,9.67,2.0,1,85000.0,103990173696,0.059,14.87%
3M,MMM,Industrials,37.35,17.22,13.59,6.54,5.0,9,85000.0,70400581632,0.004,14.39%
Monster Beverage,MNST,Consumer Staples,29.23,12.07,12.04,5.11,2.0,9,5254.0,50298736640,0.013,12.33%
Altria,MO,Consumer Staples,31.32,6.1,17.64,7.58,3.0,2,6400.0,91248566272,0.013,12.43%
Mosaic Company (The),MOS,Materials,33.52,13.87,11.05,8.6,2.0,3,14049.0,7645714944,-0.208,9.03%
Marathon Petroleum,MPC,Energy,30.49,17.09,8.15,5.25,3.0,6,18200.0,42866864128,-0.148,5.11%
Merck & Co.,MRK,Health Care,21.39,1.85,10.64,8.9,3.0,4,70000.0,248031199232,0.044,-12.42%
Morgan Stanley,MS,Financials,24.58,1.14,12.91,10.53,2.0,9,80000.0,198866780160,0.165,-7.94%
MSCI,MSCI,Financials,16.27,1.57,6.97,7.74,1.0,4,6118.0,47398957056,0.159,-5.45%
Microsoft,MSFT,Information Technology,15.06,1.46,7.53,6.07,3.0,1,228000.0,3246068596736,0.16,-9.33%
Motorola Solutions,MSI,Information Technology,13.13,2.26,5.07,5.8,1.0,2,21000.0,78536843264,0.092,-5.68%
M&T Bank,MTB,Financials,26.53,2.63,10.32,13.58,1.0,8,21986.0,31438708736,0.012,-6.19%
Mettler Toledo,MTD,Health Care,13.1,1.0,7.41,4.69,0.0,5,16000.0,25971937280,0.013,-5.50%
Micron Technology,MU,Information Technology,18.18,7.23,5.46,5.49,2.0,1,48000.0,100408999936,0.933,5.41%
Norwegian Cruise Line Holdings,NCLH,Consumer Discretionary,25.94,8.97,10.9,6.08,2.0,5,41000.0,11832542208,0.107,-25.92%
"Nasdaq, Inc.",NDAQ,Financials,13.09,0.03,5.63,7.43,1.0,3,9120.0,44658696192,0.311,-1.64%
Nordson Corporation,NDSN,Industrials,24.89,8.18,11.61,5.1,1.0,8,7700.0,11957965824,0.02,-3.96%
NextEra Energy,NEE,Utilities,23.27,9.38,8.3,5.6,2.0,4,16800.0,147382190080,0.055,-1.07%
Newmont,NEM,Materials,20.52,7.05,8.24,5.22,3.0,6,21700.0,43579867136,0.847,29.74%
Netflix,NFLX,Communication Services,16.41,0.09,7.31,9.01,2.0,9,13000.0,388580671488,0.15,4.16%
NiSource,NI,Utilities,26.02,11.98,9.17,4.87,3.0,2,7364.0,16883395584,0.048,9.90%
"Nike, Inc.",NKE,Consumer Discretionary,19.61,2.98,9.99,6.65,3.0,9,79400.0,114525192192,-0.104,-14.42%
Northrop Grumman,NOC,Industrials,27.53,7.79,14.37,5.37,2.0,4,101000.0,68409634816,0.023,9.34%
ServiceNow,NOW,Information Technology,16.59,3.99,6.04,6.57,0.0,5,22668.0,225143422976,0.222,-23.45%
NRG Energy,NRG,Utilities,31.97,16.8,9.5,5.69,2.0,9,18131.0,18322094080,-0.091,9.21%
Norfolk Southern Railway,NSC,Industrials,23.92,8.02,10.48,5.42,3.0,10,20700.0,52974096384,0.027,0.81%
NetApp,NTAP,Information Technology,15.43,2.19,7.74,5.5,1.0,2,11800.0,24081594368,0.076,-22.91%
Northern Trust,NTRS,Financials,23.86,1.87,11.83,10.17,2.0,5,23300.0,20313380864,0.145,-4.44%
Nucor,NUE,Materials,32.82,9.3,14.72,8.8,2.0,7,32000.0,27374499840,-0.152,2.53%
Nvidia,NVDA,Information Technology,13.59,2.3,4.95,6.34,2.0,8,29600.0,3298803056640,1.224,-17.98%
"NVR, Inc.",NVR,Consumer Discretionary,20.27,7.21,7.82,5.24,1.0,9,6300.0,25359060992,0.06,-11.80%
News Corp (Class A),NWSA,Communication Services,11.47,0.02,4.74,6.72,2.0,10,23900.0,16357357568,0.031,-1.96%
NXP Semiconductors,NXPI,Information Technology,19.84,8.58,5.45,5.81,1.0,2,34200.0,53433757696,-0.054,-8.59%
Realty Income,O,Real Estate,15.47,4.41,5.32,5.74,2.0,5,418.0,46202388480,0.286,7.00%
ONEOK,OKE,Energy,25.15,10.83,11.01,3.31,1.0,5,4775.0,58471841792,0.199,-0.90%
Omnicom Group,OMC,Communication Services,16.28,0.09,9.33,6.86,1.0,1,75900.0,17453082624,0.085,-7.29%
ON Semiconductor,ON,Information Technology,22.43,11.79,5.69,4.95,1.0,2,30000.0,27889702912,-0.192,-36.24%
Oracle Corporation,ORCL,Information Technology,13.89,0.5,7.79,5.6,2.0,10,159000.0,474532249600,0.069,-14.82%
O'Reilly Auto Parts,ORLY,Consumer Discretionary,12.05,0.14,8.15,3.76,1.0,9,92709.0,70380068864,0.038,20.75%
Occidental Petroleum,OXY,Energy,41.66,24.98,9.7,6.97,2.0,2,12570.0,44224106496,0.002,-0.45%
Palo Alto Networks,PANW,Information Technology,13.92,0.7,7.62,5.6,1.0,10,15289.0,122565033984,0.121,-5.85%
Paramount Global,PARA,Communication Services,14.99,0.11,7.51,7.37,3.0,10,21900.0,7596251648,-0.056,12.14%
Paychex,PAYX,Industrials,16.73,3.21,7.16,6.36,1.0,4,16000.0,50243190784,0.025,10.25%
Paccar,PCAR,Industrials,27.64,8.36,10.99,8.3,3.0,5,32400.0,55219380224,-0.052,-5.51%
PG&E Corporation,PCG,Utilities,30.38,9.58,15.38,5.42,4.0,4,28010.0,43475365888,0.009,-14.42%
Public Service Enterprise Group,PEG,Utilities,27.23,12.48,9.28,5.46,2.0,3,12543.0,42379018240,0.076,-1.46%
PepsiCo,PEP,Consumer Staples,22.06,7.27,9.63,5.16,3.0,5,318000.0,209626349568,-0.006,-1.57%
Pfizer,PFE,Health Care,24.59,2.12,12.85,9.63,3.0,7,88000.0,149381857280,0.312,-7.50%
Principal Financial Group,PFG,Financials,14.19,0.81,5.82,7.56,1.0,7,19800.0,17680521216,-0.345,10.00%
Procter & Gamble,PG,Consumer Staples,28.57,9.6,12.23,6.74,3.0,4,108000.0,395788025856,-0.006,1.74%
Progressive Corporation,PGR,Financials,20.02,1.45,8.5,10.07,2.0,3,61432.0,140577062912,0.267,18.65%
Parker Hannifin,PH,Industrials,29.48,9.46,13.78,6.24,2.0,6,61120.0,83307585536,0.012,-4.11%
PulteGroup,PHM,Consumer Discretionary,21.42,9.19,7.31,4.92,2.0,5,6382.0,22665662464,0.118,-5.38%
Packaging Corporation of America,PKG,Materials,18.64,13.96,1.06,3.62,1.0,6,14900.0,20473718784,0.127,-11.19%
Prologis,PLD,Real Estate,10.27,2.74,2.5,5.03,1.0,8,2574.0,95692398592,0.068,5.44%
Philip Morris International,PM,Consumer Staples,28.45,3.42,13.54,11.49,3.0,5,82700.0,193140981760,0.084,31.36%
PNC Financial Services,PNC,Financials,26.07,1.94,13.29,10.83,3.0,2,53749.0,76483887104,0.017,-9.44%
Pentair,PNR,Industrials,22.06,5.97,10.01,6.07,1.0,5,10500.0,16845300736,-0.015,-12.52%
Pinnacle West,PNW,Utilities,30.79,14.72,10.23,5.84,1.0,5,6133.0,9659952128,0.08,12.40%
PPG Industries,PPG,Materials,25.21,10.98,7.7,6.54,2.0,6,53000.0,27888719872,-0.015,-8.79%
PPL Corporation,PPL,Utilities,31.32,17.08,8.9,5.33,2.0,2,6629.0,23932366848,0.011,11.09%
Prudential Financial,PRU,Financials,19.91,0.64,10.01,9.25,1.0,4,40366.0,41939349504,1.334,-5.77%
Public Storage,PSA,Real Estate,13.05,4.74,2.61,5.7,1.0,6,6200.0,52116942848,0.034,-0.19%
Phillips 66,PSX,Energy,35.43,20.76,8.82,5.85,3.0,7,14000.0,45581594624,-0.104,9.15%
PTC,PTC,Information Technology,18.9,4.92,8.61,5.37,0.0,5,7000.0,22533797888,0.146,-15.05%
Quanta Services,PWR,Industrials,36.91,12.15,15.73,9.04,2.0,4,52500.0,48477257728,0.155,-18.40%
PayPal,PYPL,Financials,17.77,2.83,9.19,5.75,2.0,8,27200.0,87351312384,0.058,-22.55%
Qualcomm,QCOM,Information Technology,15.39,5.34,4.5,5.55,3.0,2,49000.0,169860792320,0.187,-0.37%
Royal Caribbean Group,RCL,Consumer Discretionary,20.71,8.15,7.68,4.88,3.0,9,98100.0,64107868160,0.175,-9.78%
Regency Centers,REG,Real Estate,11.71,3.72,3.21,4.77,0.0,1,492.0,13476028416,0.089,-0.49%
Regeneron,REGN,Health Care,18.04,0.34,10.96,6.74,2.0,10,14165.0,77126295552,0.106,-13.38%
Regions Financial Corporation,RF,Financials,16.85,1.82,6.67,8.36,2.0,7,20101.0,21603698688,0.156,-8.29%
Ralph Lauren Corporation,RL,Consumer Discretionary,14.62,1.22,7.79,5.62,2.0,10,14800.0,14299996160,0.057,-0.89%
Rockwell Automation,ROK,Industrials,17.67,5.37,6.64,5.65,2.0,9,27000.0,32755834880,-0.206,-9.46%
"Rollins, Inc.",ROL,Industrials,19.31,1.76,10.63,6.92,1.0,9,20000.0,22723590144,0.09,17.28%
Roper Technologies,ROP,Information Technology,20.44,4.67,9.67,6.09,0.0,8,16800.0,56338120704,0.129,13.64%
Ross Stores,ROST,Consumer Discretionary,18.23,1.79,10.76,5.68,2.0,7,108000.0,49208905728,0.071,-14.65%
Republic Services,RSG,Industrials,20.91,11.19,6.02,3.7,3.0,1,41000.0,63798456320,0.065,21.15%
Revvity,RVTY,Health Care,16.7,0.75,10.1,5.85,2.0,8,11000.0,13698777088,0.02,-6.54%
SBA Communications,SBAC,Real Estate,11.58,3.11,3.23,5.23,0.0,7,1787.0,21888458752,-0.022,8.16%
Charles Schwab Corporation,SCHW,Financials,23.28,2.39,8.95,11.94,2.0,10,32100.0,136028905472,0.052,4.95%
Sherwin-Williams,SHW,Materials,29.35,14.31,9.2,5.85,2.0,8,64088.0,87007649792,0.007,3.13%
J.M. Smucker Company (The),SJM,Consumer Staples,30.45,12.89,11.99,5.57,2.0,7,9000.0,11694054400,0.177,7.63%
Schlumberger,SLB,Energy,20.28,8.08,6.29,5.91,1.0,1,111000.0,52009488384,0.102,10.07%
Snap-on,SNA,Industrials,30.53,9.0,13.91,7.62,2.0,5,13200.0,18038120448,-0.005,0.03%
Synopsys,SNPS,Information Technology,14.42,3.34,6.93,4.16,0.0,3,20300.0,76080201728,0.127,-10.18%
Southern Company,SO,Utilities,32.98,14.68,11.0,7.3,2.0,1,27819.0,90788044800,0.042,11.54%
Simon Property Group,SPG,Real Estate,13.98,3.83,3.99,6.15,1.0,10,2500.0,64434921472,0.049,-3.33%
S&P Global,SPGI,Financials,13.04,0.0,6.22,6.82,1.0,3,40450.0,152608636928,0.159,2.56%
Sempra,SRE,Utilities,23.59,10.86,7.85,4.88,2.0,7,16835.0,54985363456,-0.167,-18.42%
Steel Dynamics,STLD,Materials,32.98,10.56,14.36,8.06,1.0,2,12600.0,17613223936,-0.054,8.71%
State Street Corporation,STT,Financials,24.08,1.61,12.95,9.52,1.0,5,53000.0,28787427328,0.201,-9.51%
Seagate Technology,STX,Information Technology,10.66,1.59,3.8,5.26,1.0,6,30000.0,18468683776,0.491,-2.05%
Constellation Brands,STZ,Consumer Staples,24.66,9.45,10.04,5.18,2.0,8,10600.0,41334652928,0.029,-16.38%
Stanley Black & Decker,SWK,Industrials,25.31,5.0,12.51,7.8,2.0,4,50500.0,12641447936,-0.051,-5.17%
Skyworks Solutions,SWKS,Information Technology,27.95,11.82,8.93,7.21,1.0,9,9750.0,14192988160,-0.159,-27.13%
Synchrony Financial,SYF,Financials,17.28,0.13,9.89,7.25,2.0,8,20000.0,25482563584,0.116,-18.06%
Stryker Corporation,SYK,Health Care,28.26,3.99,13.24,11.03,2.0,5,52000.0,138991353856,0.119,3.68%
Sysco,SYY,Consumer Staples,15.95,5.42,6.05,4.47,2.0,6,76000.0,37809664000,0.044,-1.36%
AT&T,T,Communication Services,23.91,3.26,13.94,6.72,3.0,1,143630.0,163237838848,-0.005,25.08%
Molson Coors Beverage Company,TAP,Consumer Staples,21.37,7.25,8.61,5.51,2.0,10,16500.0,12231042048,-0.078,6.84%
TransDigm Group,TDG,Industrials,38.72,12.01,17.71,9.0,2.0,10,16600.0,71758430208,0.18,10.27%
TE Connectivity,TEL,Information Technology,14.8,5.81,4.44,4.55,0.0,5,87000.0,42980601856,0.008,-1.59%
Teradyne,TER,Information Technology,17.03,7.11,4.89,5.03,0.0,1,6400.0,20512342016,0.048,-34.39%
Target Corporation,TGT,Consumer Staples,14.35,1.93,7.55,4.86,3.0,2,415000.0,60245712896,0.027,-22.75%
TJX Companies,TJX,Consumer Discretionary,14.38,1.89,7.65,4.84,2.0,7,349000.0,137147523072,0.056,1.58%
Thermo Fisher Scientific,TMO,Health Care,12.81,1.44,4.89,6.47,3.0,3,122000.0,200449114112,0.002,-7.16%
T-Mobile US,TMUS,Communication Services,24.63,4.19,13.38,7.07,3.0,10,67000.0,255667552256,0.047,21.66%
"Tapestry, Inc.",TPR,Consumer Discretionary,14.84,1.1,8.57,5.18,2.0,6,12500.0,14949259264,-0.004,11.57%
Targa Resources,TRGP,Energy,33.21,14.23,14.75,4.24,2.0,8,3182.0,38551359488,-0.012,13.76%
Trimble Inc.,TRMB,Information Technology,12.41,3.76,3.43,5.23,0.0,2,12700.0,17495060480,-0.085,-7.47%
T. Rowe Price,TROW,Financials,16.91,2.39,8.95,5.57,1.0,6,8104.0,25797103616,0.069,-18.41%
Travelers Companies (The),TRV,Financials,20.33,1.01,9.3,10.02,1.0,9,32967.0,54657093632,0.119,9.82%
Tractor Supply,TSCO,Consumer Discretionary,16.1,3.43,8.19,4.47,2.0,1,50000.0,28803792896,0.016,3.90%
"Tesla, Inc.",TSLA,Consumer Discretionary,25.23,3.31,14.08,7.85,3.0,10,140473.0,1351627833344,0.078,-33.52%
Tyson Foods,TSN,Consumer Staples,35.92,14.02,12.39,9.51,4.0,10,138000.0,20665157632,0.016,9.87%
Trane Technologies,TT,Industrials,15.2,4.39,5.71,5.11,2.0,5,40000.0,84858798080,0.114,-7.50%
Texas Instruments,TXN,Information Technology,20.65,7.76,5.96,6.93,2.0,8,34000.0,170465984512,-0.084,-5.08%
Textron,TXT,Industrials,33.61,10.92,16.08,6.61,2.0,4,35000.0,14256596992,0.025,-5.66%
United Airlines Holdings,UAL,Industrials,28.61,10.78,12.79,5.04,2.0,9,106500.0,32032522240,0.025,-29.76%
"UDR, Inc.",UDR,Real Estate,13.92,3.72,3.91,6.29,1.0,9,1397.0,16326182912,0.006,4.05%
Universal Health Services,UHS,Health Care,32.98,3.7,20.68,8.6,3.0,10,96700.0,11881064448,0.112,4.68%
Ulta Beauty,ULTA,Consumer Discretionary,15.61,4.08,7.25,4.28,2.0,3,20000.0,19940638720,0.009,-14.03%
UnitedHealth Group,UNH,Health Care,15.3,0.03,9.67,5.59,3.0,2,440000.0,460261654528,0.092,3.41%
Union Pacific Corporation,UNP,Industrials,23.45,7.3,10.55,5.6,2.0,1,30518.0,137208094720,0.025,4.00%
United Parcel Service,UPS,Industrials,18.57,4.17,8.91,5.49,2.0,9,500000.0,107251539968,0.056,-13.35%
United Rentals,URI,Industrials,16.86,5.32,6.13,5.42,1.0,1,26300.0,47421370368,0.06,-10.28%
U.S. Bank,USB,Financials,30.26,1.75,15.5,13.01,3.0,1,70000.0,74756628480,-0.032,-12.67%
Valero Energy,VLO,Energy,32.56,20.15,7.42,4.99,2.0,5,9886.0,37543813120,-0.152,9.10%
Vulcan Materials Company,VMC,Materials,29.28,13.42,6.81,9.05,2.0,6,10961.0,34749210624,-0.083,-7.76%
Verisk,VRSK,Industrials,17.53,0.05,12.49,4.98,1.0,5,7500.0,39095676928,0.07,8.42%
Verisign,VRSN,Information Technology,21.3,4.74,10.77,5.79,1.0,4,907.0,19108524032,0.038,23.20%
Vertex Pharmaceuticals,VRTX,Health Care,22.72,0.75,15.4,6.57,2.0,8,5400.0,102308536320,0.116,20.37%
Ventas,VTR,Real Estate,12.86,3.42,3.89,5.56,0.0,3,486.0,24650465280,0.08,17.63%
Wabtec,WAB,Industrials,23.33,5.36,11.99,5.98,2.0,5,29000.0,33179926528,0.044,-3.13%
Waters Corporation,WAT,Health Care,14.62,1.35,8.19,5.09,0.0,7,7900.0,21859942400,0.04,-4.04%
Walgreens Boots Alliance,WBA,Consumer Staples,16.25,1.79,9.29,5.18,3.0,7,193000.0,8246310400,0.06,19.61%
WEC Energy Group,WEC,Utilities,27.46,13.36,8.96,5.13,1.0,4,7000.0,29895450624,-0.048,15.79%
Welltower,WELL,Real Estate,13.23,4.24,3.49,5.5,1.0,3,533.0,77612081152,0.288,22.31%
Wells Fargo,WFC,Financials,36.24,2.05,14.75,19.43,5.0,5,220167.0,234196303872,-0.018,1.52%
Waste Management,WM,Industrials,16.65,8.09,5.24,3.32,2.0,1,48000.0,82613166080,0.079,15.86%
Williams Companies,WMB,Energy,21.82,8.72,10.13,2.96,2.0,3,5601.0,65204850688,0.045,11.92%
Walmart,WMT,Consumer Staples,25.26,5.86,12.36,7.05,3.0,3,2100000.0,740999888896,0.048,-1.68%
W. R. Berkley Corporation,WRB,Financials,21.83,1.97,7.95,11.91,1.0,9,8329.0,22319210496,0.122,20.04%
Willis Towers Watson,WTW,Financials,18.66,0.07,7.83,10.76,2.0,7,48000.0,31987238912,0.057,7.59%
Weyerhaeuser,WY,Real Estate,16.68,9.05,4.18,3.45,2.0,3,9300.0,19981004800,-0.169,3.52%
Wynn Resorts,WYNN,Consumer Discretionary,25.7,3.37,11.75,10.58,2.0,8,27800.0,9768043520,0.013,-3.98%
Xcel Energy,XEL,Utilities,26.45,12.7,9.26,4.49,2.0,2,11311.0,38703910912,-0.005,4.74%
ExxonMobil,XOM,Energy,41.6,23.11,10.01,8.48,3.0,7,62000.0,465308188672,-0.015,10.66%
Xylem Inc.,XYL,Industrials,18.13,4.27,8.66,5.19,1.0,3,23000.0,28458575872,0.013,3.33%
Yum! Brands,YUM,Consumer Discretionary,20.1,4.53,11.45,4.12,2.0,2,35000.0,36937969664,0.069,18.46%
Zimmer Biomet,ZBH,Health Care,26.02,3.6,14.52,7.89,2.0,2,18000.0,21324808192,0.04,6.38%
Zoetis,ZTS,Health Care,18.77,3.24,6.81,8.72,2.0,3,14100.0,74370031616,0.11,-0.63%
